{
    "ds1": {
        "best_model": "agglomerative",
        "params": {
            "linkage": "ward",
            "k": 2,
            "silhouette": 0.5216395622404242
        },
        "silhouette": 0.5216395622404242
    },
    "ds2": {
        "best_model": "dbscan",
        "params": {
            "eps": 0.7,
            "min_samples": 15,
            "noise_ratio": 0.0505
        },
        "silhouette": 0.3488325191616975
    },
    "ds4": {
        "best_model": "agglomerative",
        "params": {
            "linkage": "ward",
            "k": 5,
            "silhouette": 0.4480173757704073
        },
        "silhouette": 0.4480173757704073
    }
}